<?xml version="1.0" encoding="UTF-8"?>
    <addon id="repository.nisuy" name="nisuy" version="1.0.0" provider-name="nisuy">
        <requires>
            <import addon="xbmc.addon" version="12.0.0"/>
        </requires>
        <extension point="xbmc.addon.repository" name="nisuy">
            <info compressed="false">http://ssha.free.nf/_repo/addons.xml</info>
            <checksum>http://ssha.free.nf/_repo/addons.xml.md5</checksum>
            <datadir zip="true">http://ssha.free.nf/_repo/</datadir>
            <hashes>false</hashes>
        </extension>
        <extension point="xbmc.addon.metadata">
            <summary>A short summary of this repository</summary>
            <description>The description can be longer. Using [CR] you can create a newline. The use of other markup is not advised.</description>
            <platform>all</platform>
    </extension>
</addon>